MDVP:Fo(Hz),MDVP:Fhi(Hz),MDVP:Flo(Hz),MDVP:Jitter(%),MDVP:Jitter(Abs),MDVP:RAP,MDVP:PPQ,Jitter:DDP,MDVP:Shimmer,MDVP:Shimmer(dB),Shimmer:APQ3,Shimmer:APQ5,MDVP:APQ,Shimmer:DDA,NHR,HNR,status,RPDE,DFA,spread1,spread2,D2,PPE
119.992,157.302,74.997,0.00784,0.00007,0.0037,0.00554,0.01109,0.04374,0.426,0.02182,0.0313,0.02971,0.06545,0.02211,21.033,1,0.414783,0.815285,-4.813031,0.266482,2.301442,0.284654
122.4,148.65,113.819,0.00968,0.00008,0.00465,0.00696,0.01394,0.06134,0.626,0.03109,0.03918,0.03704,0.09326,0.05533,18.678,1,0.518418,0.773602,-5.284756,0.201785,2.235315,0.28786
116.682,141.591,101.648,0.00846,0.00007,0.0041,0.00674,0.01229,0.01912,0.192,0.00854,0.01129,0.01348,0.02562,0.01556,23.476,0,0.615201,0.76435,-5.514059,0.17354,2.224777,0.301055
119.543,158.632,91.646,0.00451,0.00004,0.00198,0.00348,0.00593,0.00799,0.082,0.00409,0.00551,0.00577,0.01227,0.00869,29.869,0,0.609491,0.768817,-4.888658,0.190307,2.174432,0.288075
120.552,131.162,113.787,0.00239,0.00002,0.00108,0.00167,0.00325,0.02579,0.283,0.01236,0.01273,0.01379,0.03707,0.01083,31.988,0,0.735741,0.754663,-5.554876,0.177305,2.365943,0.300837
